<?xml version="1.0" encoding="UTF-8"?>
<inputControl exportedWithPermissions="true">
    <folder>/Input_Controls/aomsinbo</folder>
    <name>dept_name</name>
    <version>0</version>
    <label>dept_name</label>
    <description>dept_name</description>
    <creationDate>2019-01-16T09:47:04.690+07:00</creationDate>
    <updateDate>2019-01-16T09:47:04.690+07:00</updateDate>
    <type>2</type>
    <mandatory>false</mandatory>
    <readOnly>false</readOnly>
    <visible>true</visible>
    <dataType>
        <localResource
            xmlns:xsi="http://www.w3.org/2001/XMLSchema-instance"
            exportedWithPermissions="false" xsi:type="dataType">
            <folder>/Input_Controls/aomsinbo/dept_name_files</folder>
            <name>dept_name</name>
            <version>0</version>
            <label>dept_name</label>
            <description>dept_name</description>
            <creationDate>2019-01-16T09:47:04.690+07:00</creationDate>
            <updateDate>2019-01-16T09:47:04.690+07:00</updateDate>
            <type>1</type>
            <regularExpr></regularExpr>
            <strictMin>false</strictMin>
            <strictMax>false</strictMax>
        </localResource>
    </dataType>
</inputControl>
