<?xml version="1.0" encoding="UTF-8"?>
<inputControl exportedWithPermissions="true">
    <folder>/Input_Controls/aomsinbo</folder>
    <name>req_no</name>
    <version>0</version>
    <label>Request No. :</label>
    <description>Name: req_no, Type: String</description>
    <creationDate>2019-01-16T09:44:56.627+07:00</creationDate>
    <updateDate>2561-08-27T02:15:22.650+07:00</updateDate>
    <type>2</type>
    <mandatory>true</mandatory>
    <readOnly>false</readOnly>
    <visible>true</visible>
    <dataType>
        <uri>/Data_Types/String_Data_Type</uri>
    </dataType>
</inputControl>
