<?xml version="1.0" encoding="UTF-8"?>
<folder exportedWithPermissions="true">
    <parent>/</parent>
    <name>datasources</name>
    <label>Data Sources</label>
    <description>Data Sources used by reports</description>
    <creationDate>2019-01-16T09:33:08.119+07:00</creationDate>
    <updateDate>2018-05-05T03:16:32.106+07:00</updateDate>
    <resource>JServerJdbcDS</resource>
    <resource>JServerJNDIDS</resource>
    <resource>MySql</resource>
    <resource>repositoryDS</resource>
    <resource>SugarFoodmartVDS</resource>
    <permission>
        <permissionMask>32</permissionMask>
        <recipient recipientType="role">ROLE_USER</recipient>
    </permission>
</folder>
