<?xml version="1.0" encoding="UTF-8"?>
<folder exportedWithPermissions="true">
    <parent>/Input_Controls</parent>
    <name>aomsinbo</name>
    <label>aomsinbo</label>
    <description></description>
    <creationDate>2019-01-16T09:44:56.326+07:00</creationDate>
    <updateDate>2561-08-27T02:02:29.552+07:00</updateDate>
    <resource>dept_name</resource>
    <resource>edate</resource>
    <resource>emp_name</resource>
    <resource>emp_name_1</resource>
    <resource>id</resource>
    <resource>org_id</resource>
    <resource>req_no</resource>
    <resource>req_status</resource>
    <resource>sdate</resource>
</folder>
