<?xml version="1.0" encoding="UTF-8"?>
<inputControl exportedWithPermissions="true">
    <folder>/Input_Controls/aomsinbo</folder>
    <name>emp_name_1</name>
    <version>0</version>
    <label>Employee Certificate : </label>
    <description>Name: certificate, Type: String</description>
    <creationDate>2019-01-16T09:44:56.564+07:00</creationDate>
    <updateDate>2018-11-08T20:45:55.844+07:00</updateDate>
    <type>2</type>
    <mandatory>true</mandatory>
    <readOnly>false</readOnly>
    <visible>true</visible>
    <dataType>
        <uri>/Data_Types/String_Data_Type</uri>
    </dataType>
</inputControl>
