<?xml version="1.0" encoding="UTF-8"?>
<folder exportedWithPermissions="true">
    <parent>/</parent>
    <name>analysis</name>
    <label>Analysis Components</label>
    <description>Analysis Components</description>
    <creationDate>2019-01-16T09:33:08.036+07:00</creationDate>
    <updateDate>2018-05-05T03:16:32.174+07:00</updateDate>
    <folder>connections</folder>
    <folder>datasources</folder>
    <folder>reports</folder>
    <folder>schemas</folder>
    <folder>views</folder>
    <folder>xmla</folder>
</folder>
