<?xml version="1.0" encoding="UTF-8"?>
<fileResource exportedWithPermissions="true" dataFile="ui-bg_gloss-wave_55_5c9ccc_500x100.png.data">
    <folder>/themes/default/jquery-ui/images</folder>
    <name>ui-bg_gloss-wave_55_5c9ccc_500x100.png</name>
    <version>0</version>
    <label>ui-bg_gloss-wave_55_5c9ccc_500x100.png</label>
    <creationDate>2019-01-16T09:33:16.039+07:00</creationDate>
    <updateDate>2018-05-05T03:16:14.080+07:00</updateDate>
    <fileType>img</fileType>
</fileResource>
