<?xml version="1.0" encoding="UTF-8"?>
<folder exportedWithPermissions="true">
    <parent>/analysis</parent>
    <name>datasources</name>
    <label>Analysis Data Sources</label>
    <description>Data sources used by Analysis</description>
    <creationDate>2019-01-16T09:33:08.310+07:00</creationDate>
    <updateDate>2018-05-05T03:16:32.197+07:00</updateDate>
    <resource>FoodmartDataSource</resource>
    <resource>FoodmartDataSourceJNDI</resource>
    <resource>SugarCRMDataSource</resource>
    <resource>SugarCRMDataSourceJNDI</resource>
</folder>
