<?xml version="1.0" encoding="UTF-8"?>
<folder exportedWithPermissions="true">
    <parent>/</parent>
    <name>images</name>
    <label>Images</label>
    <description>Folder containing reusable images</description>
    <creationDate>2019-01-16T09:33:08.159+07:00</creationDate>
    <updateDate>2018-05-05T03:16:32.147+07:00</updateDate>
    <resource>JRLogo</resource>
    <permission>
        <permissionMask>32</permissionMask>
        <recipient recipientType="role">ROLE_USER</recipient>
    </permission>
</folder>
