<?xml version="1.0" encoding="UTF-8"?>
<folder exportedWithPermissions="true">
    <name>/</name>
    <label>root</label>
    <description>Root of the folder hierarchy</description>
    <creationDate>2019-01-16T09:33:07.924+07:00</creationDate>
    <updateDate>2018-05-05T03:16:07.119+07:00</updateDate>
    <folder>analysis</folder>
    <folder>ContentFiles</folder>
    <folder>Data_Types</folder>
    <folder>datasources</folder>
    <folder>images</folder>
    <folder>Input_Controls</folder>
    <folder>jdbc</folder>
    <folder>reports</folder>
    <folder>themes</folder>
    <permission>
        <permissionMask>1</permissionMask>
        <recipient recipientType="role">ROLE_ADMINISTRATOR</recipient>
    </permission>
    <permission>
        <permissionMask>2</permissionMask>
        <recipient recipientType="role">ROLE_USER</recipient>
    </permission>
</folder>
