<?xml version="1.0" encoding="UTF-8"?>
<folder exportedWithPermissions="true">
    <parent>/analysis</parent>
    <name>schemas</name>
    <label>Analysis Schemas</label>
    <description>Schemas used by Analysis</description>
    <creationDate>2019-01-16T09:33:08.378+07:00</creationDate>
    <updateDate>2018-05-05T03:16:32.189+07:00</updateDate>
    <resource>FoodmartSchema</resource>
    <resource>FoodmartSchemaUpper</resource>
    <resource>SugarCRMSchema</resource>
    <resource>SugarCRMSchemaUpper</resource>
</folder>
