<?xml version="1.0" encoding="UTF-8"?>
<fileResource exportedWithPermissions="true" dataFile="FoodmartSchemaUpper.data">
    <folder>/analysis/schemas</folder>
    <name>FoodmartSchemaUpper</name>
    <version>0</version>
    <label>Foodmart Schema Uppercase</label>
    <description>Foodmart Analysis Schema Uppercase</description>
    <creationDate>2019-01-16T09:33:10.197+07:00</creationDate>
    <updateDate>2018-05-05T03:16:32.338+07:00</updateDate>
    <fileType>olapMondrianSchema</fileType>
</fileResource>
