<?xml version="1.0" encoding="UTF-8"?>
<fileResource exportedWithPermissions="true" dataFile="SugarCRMSchemaUpper.data">
    <folder>/analysis/schemas</folder>
    <name>SugarCRMSchemaUpper</name>
    <version>0</version>
    <label>SugarCRM Schema Uppercase</label>
    <description>SugarCRM Analysis Schema Upper Case</description>
    <creationDate>2019-01-16T09:33:10.232+07:00</creationDate>
    <updateDate>2018-05-05T03:16:32.371+07:00</updateDate>
    <fileType>olapMondrianSchema</fileType>
</fileResource>
