<?xml version="1.0" encoding="UTF-8"?>
<mondrianXmlaDefinition exportedWithPermissions="true">
    <folder>/analysis/xmla/definitions</folder>
    <name>SugarCRMXmlaDefinition</name>
    <version>0</version>
    <label>SugarCRM Mondrian XMLA definition</label>
    <description>SugarCRM Mondrian XMLA definition</description>
    <creationDate>2019-01-16T09:33:11.443+07:00</creationDate>
    <updateDate>2018-05-05T03:16:32.690+07:00</updateDate>
    <catalog>SugarCRM</catalog>
    <mondrianConnection>
        <uri>/analysis/connections/SugarCRM</uri>
    </mondrianConnection>
</mondrianXmlaDefinition>
