<?xml version="1.0" encoding="UTF-8"?>
<mondrianConnection exportedWithPermissions="true">
    <folder>/analysis/connections</folder>
    <name>SugarCRM</name>
    <version>0</version>
    <label>SugarCRM</label>
    <description>SugarCRM Mondrian Analysis Connection: only opportunities</description>
    <creationDate>2019-01-16T09:33:09.577+07:00</creationDate>
    <updateDate>2018-05-05T03:16:32.545+07:00</updateDate>
    <schema>
        <uri>/analysis/schemas/SugarCRMSchema</uri>
    </schema>
    <dataSource>
        <uri>/analysis/datasources/SugarCRMDataSourceJNDI</uri>
    </dataSource>
</mondrianConnection>
