<?xml version="1.0" encoding="UTF-8"?>
<jdbcDataSource exportedWithPermissions="true">
    <folder>/datasources</folder>
    <name>MySql</name>
    <version>2</version>
    <label>MySql</label>
    <creationDate>2019-01-16T09:40:53.528+07:00</creationDate>
    <updateDate>2019-02-03T16:30:48.969+07:00</updateDate>
    <driver>com.mysql.jdbc.Driver</driver>
    <connectionUrl>jdbc:mysql://localhost:3306/pro_activity?useUnicode=true&amp;amp;characterEncoding=UTF-8</connectionUrl>
    <connectionUser>root</connectionUser>
    <connectionPassword>ENC&lt;441EF90FB19BE5C3E4B322E91A8E89B5&gt;</connectionPassword>
    <timezone>Asia/Bangkok</timezone>
</jdbcDataSource>
